,precision,recall,f1-score,support,roc_auc
0,0.8645499935987709,0.7933505639097744,0.8274214298842124,8512.0,0.9211723044638956
1,0.8355767433165078,0.8941682504751426,0.8638801642908915,9997.0,0.9211723044638956
accuracy,0.8478037711383651,0.8478037711383651,0.8478037711383651,0.8478037711383651,0.9211723044638956
macro avg,0.8500633684576393,0.8437594071924586,0.845650797087552,18509.0,0.9211723044638956
weighted avg,0.8489010885757127,0.8478037711383651,0.8471133618018509,18509.0,0.9211723044638956
