,precision,recall,f1-score,support,roc_auc
0,0.8717644968311319,0.9632198952879581,0.9152131331032552,15280.0,0.8341663268416623
1,0.6543665436654367,0.3295137813564571,0.4383110195674562,3229.0,0.8341663268416623
accuracy,0.852666270463018,0.852666270463018,0.852666270463018,0.852666270463018,0.8341663268416623
macro avg,0.7630655202482843,0.6463668383222076,0.6767620763353557,18509.0,0.8341663268416623
weighted avg,0.8338381912083521,0.852666270463018,0.8320148552596605,18509.0,0.8341663268416623
