,precision,recall,f1-score,support,roc_auc
0,0.8714700136167189,0.9633507853403142,0.9151098815703584,15280.0,0.8337466091815177
1,0.65389369592089,0.32765562093527406,0.4365586961006808,3229.0,0.8337466091815177
accuracy,0.8524501593819223,0.8524501593819223,0.8524501593819223,0.8524501593819223,0.8337466091815177
macro avg,0.7626818547688045,0.6455032031377941,0.6758342888355197,18509.0,0.8337466091815177
weighted avg,0.8335125912902922,0.8524501593819223,0.8316239137773069,18509.0,0.8337466091815177
