Model,Accuracy,Precision,Recall,F1-Score,ROC AUC
XGBoost,0.8531525203954833,0.8336428552948589,0.8531525203954833,0.8314352106761819,0.8370138514291483
LogisticRegression,0.8411583553946729,0.8369353786621834,0.8411583553946729,0.7857757902227392,0.8145388468827699
GradientBoosting,0.8557458533686315,0.8375935012392411,0.8557458533686315,0.836384482997803,0.8367645738823662
MLP,0.8549354368145227,0.8364536744452797,0.8549354368145227,0.835517956002718,0.8342202304599035
